fpr,tpr
0.0,0.0
0.0,0.00267379679144385
0.0,0.0427807486631016
0.000966183574879227,0.0427807486631016
0.000966183574879227,0.0481283422459893
0.001932367149758454,0.0481283422459893
0.001932367149758454,0.053475935828877004
0.002898550724637681,0.053475935828877004
0.002898550724637681,0.06149732620320856
0.003864734299516908,0.06951871657754011
0.003864734299516908,0.0855614973262032
0.004830917874396135,0.0855614973262032
0.004830917874396135,0.08823529411764706
0.004830917874396135,0.09358288770053476
0.004830917874396135,0.0962566844919786
0.005797101449275362,0.0962566844919786
0.005797101449275362,0.09893048128342247
0.00676328502415459,0.09893048128342247
0.00676328502415459,0.10695187165775401
0.00966183574879227,0.10695187165775401
0.00966183574879227,0.12032085561497326
0.011594202898550725,0.12032085561497326
0.011594202898550725,0.12299465240641712
0.012560386473429951,0.12299465240641712
0.012560386473429951,0.12834224598930483
0.01352657004830918,0.12834224598930483
0.01352657004830918,0.14171122994652408
0.014492753623188406,0.14171122994652408
0.014492753623188406,0.16844919786096257
0.015458937198067632,0.16844919786096257
0.015458937198067632,0.17379679144385027
0.01642512077294686,0.17379679144385027
0.01642512077294686,0.17647058823529413
0.01642512077294686,0.18181818181818182
0.01642512077294686,0.18716577540106952
0.018357487922705314,0.18716577540106952
0.018357487922705314,0.20320855614973263
0.018357487922705314,0.20855614973262032
0.018357487922705314,0.2192513368983957
0.018357487922705314,0.22459893048128343
0.018357487922705314,0.23796791443850268
0.020289855072463767,0.23796791443850268
0.020289855072463767,0.24064171122994651
0.022222222222222223,0.24064171122994651
0.022222222222222223,0.24866310160427807
0.02318840579710145,0.24866310160427807
0.02318840579710145,0.25668449197860965
0.024154589371980676,0.25668449197860965
0.024154589371980676,0.25935828877005346
0.025120772946859903,0.25935828877005346
0.025120772946859903,0.27540106951871657
0.02705314009661836,0.27540106951871657
0.02705314009661836,0.2807486631016043
0.02705314009661836,0.28342245989304815
0.028019323671497585,0.28342245989304815
0.028019323671497585,0.2887700534759358
0.028985507246376812,0.2887700534759358
0.028985507246376812,0.2914438502673797
0.030917874396135265,0.2967914438502674
0.03188405797101449,0.2967914438502674
0.03188405797101449,0.30213903743315507
0.03285024154589372,0.30213903743315507
0.03285024154589372,0.3048128342245989
0.035748792270531404,0.3048128342245989
0.035748792270531404,0.31016042780748665
0.035748792270531404,0.3155080213903743
0.035748792270531404,0.3181818181818182
0.03671497584541063,0.3181818181818182
0.03671497584541063,0.32085561497326204
0.03768115942028986,0.3235294117647059
0.03768115942028986,0.32887700534759357
0.03961352657004831,0.32887700534759357
0.04057971014492753,0.3315508021390374
0.04251207729468599,0.3315508021390374
0.04251207729468599,0.339572192513369
0.044444444444444446,0.339572192513369
0.044444444444444446,0.3422459893048128
0.04541062801932367,0.3422459893048128
0.04541062801932367,0.34759358288770054
0.0463768115942029,0.34759358288770054
0.0463768115942029,0.35294117647058826
0.04830917874396135,0.35294117647058826
0.04830917874396135,0.3582887700534759
0.04927536231884058,0.3582887700534759
0.04927536231884058,0.3689839572192513
0.050241545893719805,0.3689839572192513
0.050241545893719805,0.37967914438502676
0.05314009661835749,0.37967914438502676
0.05314009661835749,0.3877005347593583
0.05410628019323672,0.3877005347593583
0.05603864734299517,0.39037433155080214
0.05603864734299517,0.393048128342246
0.057971014492753624,0.393048128342246
0.057971014492753624,0.3983957219251337
0.05990338164251208,0.3983957219251337
0.05990338164251208,0.40106951871657753
0.06086956521739131,0.40106951871657753
0.06086956521739131,0.4090909090909091
0.06086956521739131,0.4144385026737968
0.06280193236714976,0.4144385026737968
0.06280193236714976,0.41711229946524064
0.0647342995169082,0.41711229946524064
0.0647342995169082,0.4197860962566845
0.06570048309178744,0.4197860962566845
0.06570048309178744,0.42780748663101603
0.06763285024154589,0.42780748663101603
0.06763285024154589,0.43315508021390375
0.06859903381642513,0.43315508021390375
0.06859903381642513,0.4385026737967914
0.06956521739130435,0.4385026737967914
0.06956521739130435,0.4411764705882353
0.07246376811594203,0.4411764705882353
0.07246376811594203,0.446524064171123
0.07342995169082125,0.45454545454545453
0.07439613526570048,0.45454545454545453
0.07439613526570048,0.4572192513368984
0.0782608695652174,0.4572192513368984
0.0782608695652174,0.46524064171123
0.08019323671497584,0.46524064171123
0.08019323671497584,0.4732620320855615
0.08115942028985507,0.4732620320855615
0.08115942028985507,0.4786096256684492
0.08309178743961353,0.4786096256684492
0.08309178743961353,0.48128342245989303
0.08599033816425121,0.48128342245989303
0.08599033816425121,0.4839572192513369
0.08695652173913043,0.4839572192513369
0.08695652173913043,0.48663101604278075
0.08792270531400966,0.48663101604278075
0.08792270531400966,0.5
0.08888888888888889,0.5
0.08888888888888889,0.5026737967914439
0.09082125603864734,0.5026737967914439
0.09082125603864734,0.5053475935828877
0.09468599033816426,0.5053475935828877
0.09468599033816426,0.5106951871657754
0.09565217391304348,0.5106951871657754
0.0966183574879227,0.516042780748663
0.0966183574879227,0.5213903743315508
0.09951690821256039,0.5213903743315508
0.09951690821256039,0.5240641711229946
0.10144927536231885,0.5240641711229946
0.10144927536231885,0.5320855614973262
0.10241545893719807,0.5320855614973262
0.10338164251207729,0.5347593582887701
0.10434782608695652,0.5347593582887701
0.10434782608695652,0.5374331550802139
0.11014492753623188,0.5374331550802139
0.11014492753623188,0.5401069518716578
0.11400966183574879,0.5401069518716578
0.11400966183574879,0.5427807486631016
0.11594202898550725,0.5427807486631016
0.11594202898550725,0.5454545454545454
0.11594202898550725,0.5508021390374331
0.11690821256038647,0.553475935828877
0.12560386473429952,0.553475935828877
0.12560386473429952,0.5561497326203209
0.12657004830917876,0.5561497326203209
0.12657004830917876,0.5668449197860963
0.1285024154589372,0.5668449197860963
0.1285024154589372,0.56951871657754
0.1294685990338164,0.56951871657754
0.1294685990338164,0.5721925133689839
0.13043478260869565,0.5721925133689839
0.13043478260869565,0.5748663101604278
0.13429951690821257,0.5748663101604278
0.13429951690821257,0.5855614973262032
0.13719806763285025,0.5855614973262032
0.13719806763285025,0.5882352941176471
0.13816425120772946,0.5882352941176471
0.13816425120772946,0.5909090909090909
0.14009661835748793,0.5909090909090909
0.14009661835748793,0.5935828877005348
0.14202898550724638,0.5935828877005348
0.14202898550724638,0.6016042780748663
0.14299516908212562,0.6016042780748663
0.14299516908212562,0.6042780748663101
0.14396135265700483,0.6042780748663101
0.14396135265700483,0.606951871657754
0.14589371980676327,0.606951871657754
0.14589371980676327,0.6122994652406417
0.15169082125603864,0.6122994652406417
0.15169082125603864,0.6149732620320856
0.1536231884057971,0.6149732620320856
0.1536231884057971,0.6176470588235294
0.15458937198067632,0.6176470588235294
0.15458937198067632,0.6229946524064172
0.1565217391304348,0.6229946524064172
0.1565217391304348,0.6417112299465241
0.157487922705314,0.6417112299465241
0.157487922705314,0.6443850267379679
0.15845410628019324,0.6443850267379679
0.15845410628019324,0.6470588235294118
0.1603864734299517,0.6470588235294118
0.1603864734299517,0.6497326203208557
0.16135265700483092,0.6497326203208557
0.16135265700483092,0.6524064171122995
0.16328502415458937,0.6524064171122995
0.16328502415458937,0.6550802139037433
0.16521739130434782,0.6550802139037433
0.16521739130434782,0.660427807486631
0.17101449275362318,0.660427807486631
0.17101449275362318,0.6631016042780749
0.1758454106280193,0.6631016042780749
0.1758454106280193,0.6657754010695187
0.18067632850241547,0.6657754010695187
0.18067632850241547,0.6711229946524064
0.18164251207729468,0.6711229946524064
0.18164251207729468,0.6764705882352942
0.1826086956521739,0.6764705882352942
0.1826086956521739,0.6844919786096256
0.1855072463768116,0.6844919786096256
0.1855072463768116,0.6871657754010695
0.18743961352657004,0.6871657754010695
0.18743961352657004,0.6951871657754011
0.19227053140096617,0.6951871657754011
0.19227053140096617,0.7005347593582888
0.1932367149758454,0.7005347593582888
0.1932367149758454,0.7032085561497327
0.19420289855072465,0.7032085561497327
0.19420289855072465,0.7085561497326203
0.19903381642512077,0.7085561497326203
0.19903381642512077,0.7112299465240641
0.2,0.7112299465240641
0.2,0.713903743315508
0.2028985507246377,0.713903743315508
0.20483091787439614,0.7192513368983957
0.20772946859903382,0.7192513368983957
0.20772946859903382,0.7219251336898396
0.20869565217391303,0.7219251336898396
0.20869565217391303,0.7272727272727273
0.21256038647342995,0.7272727272727273
0.2144927536231884,0.7272727272727273
0.2144927536231884,0.7299465240641712
0.21545893719806763,0.7299465240641712
0.21835748792270532,0.7352941176470589
0.21932367149758455,0.7352941176470589
0.21932367149758455,0.7379679144385026
0.22801932367149758,0.7379679144385026
0.22801932367149758,0.7433155080213903
0.23091787439613526,0.7433155080213903
0.23091787439613526,0.7459893048128342
0.24154589371980675,0.7459893048128342
0.24154589371980675,0.7486631016042781
0.24734299516908212,0.7486631016042781
0.24734299516908212,0.7540106951871658
0.24830917874396136,0.7540106951871658
0.24830917874396136,0.7593582887700535
0.2492753623188406,0.7593582887700535
0.2492753623188406,0.7620320855614974
0.25024154589371983,0.7620320855614974
0.25024154589371983,0.7647058823529411
0.2541062801932367,0.7647058823529411
0.2541062801932367,0.7727272727272727
0.2608695652173913,0.7727272727272727
0.2608695652173913,0.7754010695187166
0.2618357487922705,0.7754010695187166
0.2618357487922705,0.7780748663101604
0.26280193236714977,0.7780748663101604
0.26280193236714977,0.7807486631016043
0.2647342995169082,0.7807486631016043
0.2647342995169082,0.7834224598930482
0.26666666666666666,0.7834224598930482
0.26666666666666666,0.786096256684492
0.26956521739130435,0.786096256684492
0.26956521739130435,0.7967914438502673
0.27053140096618356,0.7967914438502673
0.27053140096618356,0.7994652406417112
0.2763285024154589,0.7994652406417112
0.2763285024154589,0.8048128342245989
0.2811594202898551,0.8048128342245989
0.2811594202898551,0.8074866310160428
0.28405797101449276,0.8074866310160428
0.28405797101449276,0.8101604278074866
0.28599033816425123,0.8101604278074866
0.28599033816425123,0.8128342245989305
0.2927536231884058,0.8128342245989305
0.2927536231884058,0.8155080213903744
0.293719806763285,0.8155080213903744
0.293719806763285,0.820855614973262
0.2956521739130435,0.820855614973262
0.2956521739130435,0.8235294117647058
0.2966183574879227,0.8235294117647058
0.2966183574879227,0.8262032085561497
0.2985507246376812,0.8262032085561497
0.30628019323671496,0.8262032085561497
0.30628019323671496,0.8315508021390374
0.3130434782608696,0.8315508021390374
0.3130434782608696,0.8342245989304813
0.31980676328502416,0.8342245989304813
0.31980676328502416,0.8368983957219251
0.3207729468599034,0.8368983957219251
0.3207729468599034,0.839572192513369
0.32463768115942027,0.839572192513369
0.32463768115942027,0.8422459893048129
0.32560386473429953,0.8422459893048129
0.32560386473429953,0.8449197860962567
0.32657004830917874,0.8449197860962567
0.32657004830917874,0.8475935828877005
0.34106280193236715,0.8475935828877005
0.34106280193236715,0.8502673796791443
0.34202898550724636,0.8502673796791443
0.34202898550724636,0.8529411764705882
0.34396135265700484,0.8529411764705882
0.34396135265700484,0.8556149732620321
0.34782608695652173,0.8556149732620321
0.34879227053140094,0.8582887700534759
0.3545893719806763,0.8582887700534759
0.3545893719806763,0.8609625668449198
0.357487922705314,0.8609625668449198
0.35845410628019325,0.8636363636363636
0.35845410628019325,0.8689839572192514
0.370048309178744,0.8689839572192514
0.370048309178744,0.8716577540106952
0.37681159420289856,0.8716577540106952
0.37681159420289856,0.8770053475935828
0.38743961352657,0.8770053475935828
0.38743961352657,0.8796791443850267
0.39806763285024155,0.8796791443850267
0.39806763285024155,0.8823529411764706
0.40096618357487923,0.8823529411764706
0.40096618357487923,0.8957219251336899
0.4028985507246377,0.8957219251336899
0.4028985507246377,0.8983957219251337
0.4038647342995169,0.8983957219251337
0.4048309178743961,0.9010695187165776
0.4241545893719807,0.9010695187165776
0.4241545893719807,0.9037433155080213
0.4280193236714976,0.9037433155080213
0.4280193236714976,0.9064171122994652
0.43091787439613527,0.9064171122994652
0.43091787439613527,0.9090909090909091
0.43285024154589374,0.9090909090909091
0.4396135265700483,0.9090909090909091
0.4396135265700483,0.9117647058823529
0.442512077294686,0.9117647058823529
0.442512077294686,0.9197860962566845
0.4473429951690821,0.9197860962566845
0.4473429951690821,0.9224598930481284
0.44830917874396137,0.9224598930481284
0.44830917874396137,0.9251336898395722
0.4492753623188406,0.9278074866310161
0.45314009661835747,0.9278074866310161
0.45314009661835747,0.93048128342246
0.4608695652173913,0.93048128342246
0.4608695652173913,0.9331550802139037
0.4647342995169082,0.9331550802139037
0.4647342995169082,0.9358288770053476
0.47053140096618357,0.9358288770053476
0.47053140096618357,0.9385026737967914
0.47632850241545893,0.9385026737967914
0.47632850241545893,0.9411764705882353
0.4927536231884058,0.9411764705882353
0.4927536231884058,0.9438502673796791
0.5159420289855072,0.9438502673796791
0.5169082125603864,0.946524064171123
0.5256038647342995,0.946524064171123
0.527536231884058,0.946524064171123
0.5314009661835749,0.946524064171123
0.5314009661835749,0.9518716577540107
0.5362318840579711,0.9518716577540107
0.5362318840579711,0.9545454545454546
0.5410628019323671,0.9545454545454546
0.5410628019323671,0.9572192513368984
0.5449275362318841,0.9572192513368984
0.5449275362318841,0.9598930481283422
0.5478260869565217,0.9598930481283422
0.5507246376811594,0.9598930481283422
0.5729468599033817,0.9598930481283422
0.5729468599033817,0.9625668449197861
0.5739130434782609,0.9625668449197861
0.5739130434782609,0.9652406417112299
0.5797101449275363,0.9652406417112299
0.5797101449275363,0.9679144385026738
0.5864734299516908,0.9679144385026738
0.5884057971014492,0.9679144385026738
0.5884057971014492,0.9705882352941176
0.5893719806763285,0.9705882352941176
0.5922705314009662,0.9705882352941176
0.5961352657004831,0.9705882352941176
0.5961352657004831,0.9732620320855615
0.6154589371980677,0.9732620320855615
0.6154589371980677,0.9759358288770054
0.6193236714975845,0.9759358288770054
0.6193236714975845,0.9786096256684492
0.6318840579710145,0.9786096256684492
0.6318840579710145,0.9812834224598931
0.6357487922705314,0.9812834224598931
0.6357487922705314,0.983957219251337
0.6376811594202898,0.983957219251337
0.6376811594202898,0.9866310160427807
0.6541062801932367,0.9866310160427807
0.6541062801932367,0.9893048128342246
0.6821256038647343,0.9893048128342246
0.6850241545893719,0.9893048128342246
0.7101449275362319,0.9893048128342246
0.7111111111111111,0.9919786096256684
0.7169082125603865,0.9919786096256684
0.7188405797101449,0.9919786096256684
0.7227053140096619,0.9919786096256684
0.7246376811594203,0.9919786096256684
0.7275362318840579,0.9919786096256684
0.7304347826086957,0.9919786096256684
0.7342995169082126,0.9919786096256684
0.7429951690821256,0.9919786096256684
0.7478260869565218,0.9919786096256684
0.7497584541062802,0.9919786096256684
0.7516908212560387,0.9919786096256684
0.7545893719806763,0.9919786096256684
0.7603864734299517,0.9919786096256684
0.7710144927536232,0.9919786096256684
0.7710144927536232,0.9946524064171123
0.8164251207729468,0.9946524064171123
0.8183574879227054,0.9946524064171123
0.8202898550724638,0.9946524064171123
0.8222222222222222,0.9946524064171123
0.8309178743961353,0.9946524064171123
0.8328502415458937,0.9946524064171123
0.8376811594202899,0.9946524064171123
0.8376811594202899,0.9973262032085561
0.8396135265700483,0.9973262032085561
0.8405797101449275,0.9973262032085561
0.842512077294686,0.9973262032085561
0.8492753623188406,0.9973262032085561
0.851207729468599,0.9973262032085561
0.8579710144927536,0.9973262032085561
0.8599033816425121,0.9973262032085561
0.8628019323671497,0.9973262032085561
0.863768115942029,0.9973262032085561
0.8657004830917875,0.9973262032085561
0.8695652173913043,0.9973262032085561
0.8724637681159421,0.9973262032085561
0.8763285024154589,0.9973262032085561
0.8801932367149758,0.9973262032085561
0.8869565217391304,0.9973262032085561
0.8898550724637682,0.9973262032085561
0.8946859903381642,0.9973262032085561
0.8966183574879227,0.9973262032085561
0.9024154589371981,0.9973262032085561
0.9062801932367149,0.9973262032085561
0.9072463768115943,0.9973262032085561
0.9120772946859903,0.9973262032085561
0.914975845410628,0.9973262032085561
0.9207729468599034,0.9973262032085561
0.923671497584541,0.9973262032085561
0.9256038647342996,0.9973262032085561
0.9265700483091788,0.9973262032085561
0.9294685990338164,0.9973262032085561
0.9314009661835749,0.9973262032085561
0.9333333333333333,0.9973262032085561
0.9333333333333333,1.0
0.9381642512077295,1.0
0.9439613526570049,1.0
0.9458937198067633,1.0
0.9487922705314009,1.0
0.9507246376811594,1.0
0.9536231884057971,1.0
0.9555555555555556,1.0
0.966183574879227,1.0
0.9681159420289855,1.0
0.9855072463768116,1.0
0.9874396135265701,1.0
0.9903381642512077,1.0
0.9932367149758454,1.0
0.996135265700483,1.0
0.9980676328502416,1.0
1.0,1.0
